command,mean,stddev,median,user,system,min,max
pdu --progress tmp.sample,0.20764601423000006,0.0009771211448588715,0.20751178973,0.11589338785714286,0.16716963571428572,0.20647537023,0.21025494223000002
ncdu -o /dev/stdout -1 tmp.sample,0.21097578344428575,0.0036619947461517632,0.20956047873,0.08345110214285713,0.12708249285714282,0.20872731223000002,0.22263947423000002
gdu --show-apparent-size --non-interactive tmp.sample,0.31844357893,0.010551054694180634,0.31772060072999997,0.395376545,0.19835504999999998,0.30228625223,0.34094087623
