{
  "results": [
    {
      "command": "pdu --min-ratio=0 tmp.sample",
      "mean": 0.72497457175,
      "stddev": 0.020425646036725767,
      "median": 0.71930867445,
      "user": 0.635485995,
      "system": 0.21438772499999997,
      "min": 0.71318152895,
      "max": 0.7825540349500001,
      "times": [
        0.71820582295,
        0.72337111995,
        0.7825540349500001,
        0.71546867095,
        0.71318152895,
        0.7187808329500001,
        0.71757210995,
        0.72042855595,
        0.71983651595,
        0.7203465249500001
      ]
    },
    {
      "command": "dutree tmp.sample",
      "mean": 3.84739545805,
      "stddev": 0.019629159846721953,
      "median": 3.8529972689500003,
      "user": 1.4739497949999998,
      "system": 2.371773725,
      "min": 3.8098695139500003,
      "max": 3.87944286595,
      "times": [
        3.8559091109500003,
        3.8470756459500004,
        3.87944286595,
        3.8517151769500004,
        3.8606070259500003,
        3.85427936095,
        3.8235576859500005,
        3.8542832589500002,
        3.83721493495,
        3.8098695139500003
      ]
    },
    {
      "command": "ncdu -o /dev/stdout -0 tmp.sample",
      "mean": 0.2079531553785714,
      "stddev": 0.0012974599981571539,
      "median": 0.20841099995,
      "user": 0.07863382357142858,
      "system": 0.12896086785714286,
      "min": 0.20471417895,
      "max": 0.20925326595,
      "times": [
        0.20835084895,
        0.20902886095,
        0.20685902095,
        0.20701602295,
        0.20856415295,
        0.20774343795,
        0.20632370995,
        0.20921516495,
        0.20879845695,
        0.20925326595,
        0.20471417895,
        0.20847115095,
        0.20832994795,
        0.20867595495
      ]
    },
    {
      "command": "du --apparent-size tmp.sample",
      "mean": 0.20140067401666667,
      "stddev": 0.009490570317831964,
      "median": 0.19515859495,
      "user": 0.06451122833333332,
      "system": 0.13648985833333332,
      "min": 0.19392257195,
      "max": 0.22397894095,
      "times": [
        0.19490599395,
        0.19433228095,
        0.19472338695,
        0.19402347495,
        0.19529659795,
        0.19392257195,
        0.19426047895,
        0.19457968495,
        0.19515859495,
        0.20763833195,
        0.20692061795,
        0.20849414795,
        0.20901685795,
        0.22397894095,
        0.21375814795
      ]
    }
  ]
}
