command,mean,stddev,median,user,system,min,max
pdu --top-down tmp.sample,0.12812971776545456,0.00240168478322038,0.12804627972,0.09198441227272726,0.15854156818181817,0.12366734672000002,0.13297532372
dust --apparent-size --reverse tmp.sample,0.1575843798866667,0.0011275705907905728,0.15793894772,0.1424369627777778,0.1599625833333333,0.15530714772,0.15927722272000003
dutree tmp.sample,3.86669823012,0.025141941581195863,3.86082888372,1.497216385,2.3684982499999996,3.84724547972,3.93270510972
