{
  "results": [
    {
      "command": "pdu --no-sort --max-depth=1 tmp.sample",
      "mean": 0.12225198908500001,
      "stddev": 0.0009345392392217417,
      "median": 0.12218690533500001,
      "user": 0.08701367499999997,
      "system": 0.1528221633333333,
      "min": 0.12026161933500001,
      "max": 0.12386288233500002,
      "times": [
        0.12309537233500001,
        0.12117373533500002,
        0.12243845933500001,
        0.12026161933500001,
        0.12196705033500002,
        0.12222135633500002,
        0.12280356633500002,
        0.12200965133500001,
        0.12283906733500001,
        0.12253516233500002,
        0.12144774133500001,
        0.12199565133500001,
        0.12282576733500002,
        0.12153364233500001,
        0.12215245433500002,
        0.12325097433500001,
        0.12181024733500001,
        0.12322947533500002,
        0.12110593433500001,
        0.12063022633500002,
        0.12194515033500002,
        0.12323537133500001,
        0.12367717933500001,
        0.12386288233500002
      ]
    },
    {
      "command": "dua --apparent-size tmp.sample",
      "mean": 0.23905473416833334,
      "stddev": 0.007209657912884816,
      "median": 0.23831409533500003,
      "user": 0.26835055,
      "system": 0.20606128833333334,
      "min": 0.23027369333500003,
      "max": 0.252214307335,
      "times": [
        0.24625109533500003,
        0.252214307335,
        0.23446607233500003,
        0.23874675333500003,
        0.23788143733500003,
        0.23027369333500003,
        0.233598456335,
        0.23234493233500003,
        0.24859063933500003,
        0.23088670433500003,
        0.24230262033500002,
        0.241100098335
      ]
    },
    {
      "command": "ncdu -o /dev/null -0 tmp.sample",
      "mean": 0.21854627195038465,
      "stddev": 0.009687764797368435,
      "median": 0.22028400433500003,
      "user": 0.08924564615384614,
      "system": 0.12881907038461538,
      "min": 0.20708545533500003,
      "max": 0.239340765335,
      "times": [
        0.22303675633500003,
        0.22470628833500003,
        0.239340765335,
        0.22028400433500003,
        0.22717213533500002,
        0.207415862335,
        0.20778076833500003,
        0.22584750933500003,
        0.221080719335,
        0.215207309335,
        0.20708545533500003,
        0.21257935933500002,
        0.20956460233500002
      ]
    },
    {
      "command": "gdu --show-apparent-size --non-interactive --no-progress tmp.sample",
      "mean": 0.31449520513499996,
      "stddev": 0.009938374326406802,
      "median": 0.314200489335,
      "user": 0.3775197,
      "system": 0.20475965499999998,
      "min": 0.301915757335,
      "max": 0.332360833335,
      "times": [
        0.320049600335,
        0.301915757335,
        0.301988158335,
        0.325000394335,
        0.30731495933499997,
        0.309817806335,
        0.318103563335,
        0.317891959335,
        0.310509019335,
        0.332360833335
      ]
    },
    {
      "command": "du --apparent-size --total tmp.sample",
      "mean": 0.19994730746833336,
      "stddev": 0.010662349608983877,
      "median": 0.19498683333500003,
      "user": 0.0586302,
      "system": 0.14061512166666665,
      "min": 0.19361680733500003,
      "max": 0.227175743335,
      "times": [
        0.19383871233500002,
        0.19361680733500003,
        0.19449522433500002,
        0.19431862033500003,
        0.19443992233500001,
        0.19498683333500003,
        0.19524163833500002,
        0.19495383333500002,
        0.19563184633500003,
        0.19534384033500002,
        0.19433122133500003,
        0.19902981033500003,
        0.212157958335,
        0.227175743335,
        0.21964760033500003
      ]
    }
  ]
}
