{
  "results": [
    {
      "command": "pdu --progress tmp.sample",
      "mean": 0.20764601423000006,
      "stddev": 0.0009771211448588715,
      "median": 0.20751178973,
      "user": 0.11589338785714286,
      "system": 0.16716963571428572,
      "min": 0.20647537023,
      "max": 0.21025494223000002,
      "times": [
        0.20733169323,
        0.20767849323,
        0.20688537823000003,
        0.20649087023,
        0.20647537023,
        0.20793429723,
        0.20790559723000002,
        0.20829440423,
        0.20784239623,
        0.20694157923,
        0.20734508623,
        0.21025494223000002,
        0.20714038223,
        0.20852370923000002
      ]
    },
    {
      "command": "ncdu -o /dev/stdout -1 tmp.sample",
      "mean": 0.21097578344428575,
      "stddev": 0.0036619947461517632,
      "median": 0.20956047873,
      "user": 0.08345110214285713,
      "system": 0.12708249285714282,
      "min": 0.20872731223000002,
      "max": 0.22263947423000002,
      "times": [
        0.21044914523000002,
        0.20964802923,
        0.20948862623,
        0.20936562423000002,
        0.20872731223000002,
        0.22263947423000002,
        0.21316869623,
        0.20954092823,
        0.21349430223000002,
        0.20958002923000002,
        0.20951742723000003,
        0.20891191623000002,
        0.21022184123,
        0.20890761623
      ]
    },
    {
      "command": "gdu --show-apparent-size --non-interactive tmp.sample",
      "mean": 0.31844357893,
      "stddev": 0.010551054694180634,
      "median": 0.31772060072999997,
      "user": 0.395376545,
      "system": 0.19835504999999998,
      "min": 0.30228625223,
      "max": 0.34094087623,
      "times": [
        0.31150474623,
        0.31422739423,
        0.32401415923,
        0.32121380723,
        0.32404005923,
        0.34094087623,
        0.31220503823,
        0.32227942722999997,
        0.30228625223,
        0.31172402923
      ]
    }
  ]
}
