{
  "results": [
    {
      "command": "pdu --no-sort tmp.sample",
      "mean": 0.1317812612786364,
      "stddev": 0.004123377952859566,
      "median": 0.13177612491500001,
      "user": 0.09852626954545453,
      "system": 0.15895348636363638,
      "min": 0.125200349915,
      "max": 0.14196396791500002,
      "times": [
        0.133011997915,
        0.13299309791500002,
        0.131736273915,
        0.13471393091500003,
        0.13685437091500002,
        0.14196396791500002,
        0.13462422791500003,
        0.12860271491500003,
        0.12942152991500003,
        0.13181597591500002,
        0.139322017915,
        0.132936696915,
        0.13225888391500001,
        0.12876781791500003,
        0.12694258391500002,
        0.13168437291500001,
        0.13344020691500003,
        0.12890021991500003,
        0.125200349915,
        0.129617833915,
        0.12692458291500003,
        0.127454092915
      ]
    },
    {
      "command": "du --apparent-size tmp.sample",
      "mean": 0.1943952257816667,
      "stddev": 0.0004975209160121343,
      "median": 0.19437215791500004,
      "user": 0.06035461499999999,
      "system": 0.13359005,
      "min": 0.19361954591500002,
      "max": 0.19511547491500003,
      "times": [
        0.19511547491500003,
        0.194844468915,
        0.19455196391500001,
        0.19361954591500002,
        0.19497067191500003,
        0.19487656991500002,
        0.19508347091500003,
        0.194193553915,
        0.19384804791500002,
        0.19437215791500004,
        0.19399124991500002,
        0.19387184891500003,
        0.19436865691500002,
        0.19384454791500003,
        0.19437615691500001
      ]
    },
    {
      "command": "dua --apparent-size tmp.sample",
      "mean": 0.24986664391500002,
      "stddev": 0.007894684600457983,
      "median": 0.24944589891500005,
      "user": 0.2672110877272727,
      "system": 0.22631239545454546,
      "min": 0.23474542091500003,
      "max": 0.261922035915,
      "times": [
        0.253071967915,
        0.257668755915,
        0.261922035915,
        0.24823177691500004,
        0.251697741915,
        0.24800537291500002,
        0.24167195291500002,
        0.23474542091500003,
        0.24944589891500005,
        0.258056561915,
        0.24401559691500002
      ]
    },
    {
      "command": "ncdu -o /dev/stdout -0 tmp.sample",
      "mean": 0.20844365184357147,
      "stddev": 0.00115206712397662,
      "median": 0.20889248241500002,
      "user": 0.07718560071428571,
      "system": 0.13084292142857143,
      "min": 0.20550176691500002,
      "max": 0.20954444491500002,
      "times": [
        0.20954444491500002,
        0.209280739915,
        0.20910733591500003,
        0.20885333191500002,
        0.20893163291500003,
        0.20910573591500003,
        0.20948384291500002,
        0.20851682491500004,
        0.207786010915,
        0.20915643691500002,
        0.208327619915,
        0.20793231291500003,
        0.20668308891500003,
        0.20550176691500002
      ]
    },
    {
      "command": "gdu --show-apparent-size --non-interactive --no-progress tmp.sample",
      "mean": 0.30441873811500003,
      "stddev": 0.015612709610223315,
      "median": 0.308889472915,
      "user": 0.371125115,
      "system": 0.19318035,
      "min": 0.282228818915,
      "max": 0.324120410915,
      "times": [
        0.316395164915,
        0.324120410915,
        0.298615527915,
        0.309040625915,
        0.323068990915,
        0.310717257915,
        0.308738319915,
        0.284474059915,
        0.286788203915,
        0.282228818915
      ]
    }
  ]
}
