{
  "results": [
    {
      "command": "pdu --max-depth=1 tmp.sample",
      "mean": 0.13513475681727274,
      "stddev": 0.007578477111610827,
      "median": 0.13245976259000003,
      "user": 0.0944138931818182,
      "system": 0.16832425863636363,
      "min": 0.12829852609000003,
      "max": 0.15285210809000002,
      "times": [
        0.12974777109000002,
        0.12954836709,
        0.14835812309000002,
        0.13657619909000002,
        0.12966246909,
        0.13187151109000003,
        0.14740660509000003,
        0.13549577909000002,
        0.15054796409,
        0.15285210809000002,
        0.13686820509000003,
        0.13248872209,
        0.12930256309000002,
        0.13098088909000002,
        0.12888873709,
        0.12829852609000003,
        0.13519685609,
        0.13243080309000002,
        0.12974395309000003,
        0.13278261009000003,
        0.13487574909000002,
        0.12904013909
      ]
    },
    {
      "command": "dutree --summary tmp.sample",
      "mean": 0.3340869094900001,
      "stddev": 0.012459347692449035,
      "median": 0.33805521359,
      "user": 0.10988787500000001,
      "system": 0.223852795,
      "min": 0.31644475809000006,
      "max": 0.35073730209000004,
      "times": [
        0.33899128109000004,
        0.35073730209000004,
        0.34258054909,
        0.33711914609000004,
        0.34185273609000005,
        0.34620691709,
        0.32948350309,
        0.31750857809000005,
        0.31644475809000006,
        0.31994432409
      ]
    },
    {
      "command": "dua --apparent-size tmp.sample",
      "mean": 0.25471156029,
      "stddev": 0.015979115061626043,
      "median": 0.24806097459000004,
      "user": 0.296239075,
      "system": 0.20563599499999996,
      "min": 0.24002302409000004,
      "max": 0.29283692109000004,
      "times": [
        0.27203972509,
        0.24442910609000001,
        0.24002302409000004,
        0.24799837309000003,
        0.24812357609000002,
        0.24776976909000004,
        0.29283692109000004,
        0.25026365009,
        0.25678997309,
        0.24684148509000003
      ]
    },
    {
      "command": "ncdu -o /dev/null -0 tmp.sample",
      "mean": 0.2138006601614286,
      "stddev": 0.01191742970890501,
      "median": 0.20916857259000002,
      "user": 0.08445678928571429,
      "system": 0.12899739500000001,
      "min": 0.20845005909000003,
      "max": 0.24348832109000002,
      "times": [
        0.20892086809000002,
        0.21018899209000003,
        0.20927417409000001,
        0.20895846909000002,
        0.20940377709000002,
        0.20914657209,
        0.20881076609000002,
        0.20892006809000002,
        0.20845005909000003,
        0.20957818009,
        0.20862156209000002,
        0.24025686009000002,
        0.24348832109000002,
        0.20919057309000003
      ]
    },
    {
      "command": "du --apparent-size --total tmp.sample",
      "mean": 0.1945431359566667,
      "stddev": 0.000518752322911682,
      "median": 0.19448549509000002,
      "user": 0.060626108333333345,
      "system": 0.1335258283333333,
      "min": 0.19393708409000002,
      "max": 0.19565701709000002,
      "times": [
        0.19399208509000002,
        0.19464889809000002,
        0.19397768509000002,
        0.19456839609,
        0.19416558909000003,
        0.19439819309000003,
        0.19489340309000003,
        0.19447929509000003,
        0.19393708409000002,
        0.19551851509,
        0.19565701709000002,
        0.19448829509,
        0.19448549509000002,
        0.19410448709000003,
        0.19483260109000003
      ]
    }
  ]
}
