command,mean,stddev,median,user,system,min,max
pdu --no-sort --max-depth=1 tmp.sample,0.12225198908500001,0.0009345392392217417,0.12218690533500001,0.08701367499999997,0.1528221633333333,0.12026161933500001,0.12386288233500002
dua --apparent-size tmp.sample,0.23905473416833334,0.007209657912884816,0.23831409533500003,0.26835055,0.20606128833333334,0.23027369333500003,0.252214307335
ncdu -o /dev/null -0 tmp.sample,0.21854627195038465,0.009687764797368435,0.22028400433500003,0.08924564615384614,0.12881907038461538,0.20708545533500003,0.239340765335
gdu --show-apparent-size --non-interactive --no-progress tmp.sample,0.31449520513499996,0.009938374326406802,0.314200489335,0.3775197,0.20475965499999998,0.301915757335,0.332360833335
du --apparent-size --total tmp.sample,0.19994730746833336,0.010662349608983877,0.19498683333500003,0.0586302,0.14061512166666665,0.19361680733500003,0.227175743335
