{
  "results": [
    {
      "command": "pdu --top-down tmp.sample",
      "mean": 0.12812971776545456,
      "stddev": 0.00240168478322038,
      "median": 0.12804627972,
      "user": 0.09198441227272726,
      "system": 0.15854156818181817,
      "min": 0.12366734672000002,
      "max": 0.13297532372,
      "times": [
        0.13181460172,
        0.12700430972,
        0.12496997172000002,
        0.12662070272,
        0.12755112072000002,
        0.12971096172000002,
        0.13090908372,
        0.13012906972000002,
        0.12773562372000002,
        0.13297532372,
        0.12780692572000002,
        0.12932055372,
        0.12780822572,
        0.12828433372,
        0.12946145672,
        0.12952915872,
        0.12874294272,
        0.12952965772000002,
        0.12552018172,
        0.12366734672000002,
        0.12450386172000003,
        0.12525837672
      ]
    },
    {
      "command": "dust --apparent-size --reverse tmp.sample",
      "mean": 0.1575843798866667,
      "stddev": 0.0011275705907905728,
      "median": 0.15793894772,
      "user": 0.1424369627777778,
      "system": 0.1599625833333333,
      "min": 0.15530714772,
      "max": 0.15927722272000003,
      "times": [
        0.15785819572,
        0.15847950872000002,
        0.15530714772,
        0.15832430472,
        0.15841020672,
        0.15824550372,
        0.15927722272000003,
        0.15844410772,
        0.15825660372000003,
        0.15842370672,
        0.15801969972000002,
        0.15720208372000002,
        0.15573465572,
        0.15586305872,
        0.15778659472,
        0.15694947872,
        0.15774339372,
        0.15619336472
      ]
    },
    {
      "command": "dutree tmp.sample",
      "mean": 3.86669823012,
      "stddev": 0.025141941581195863,
      "median": 3.86082888372,
      "user": 1.497216385,
      "system": 2.3684982499999996,
      "min": 3.84724547972,
      "max": 3.93270510972,
      "times": [
        3.84869071072,
        3.85167656572,
        3.93270510972,
        3.87870488572,
        3.86302841072,
        3.86563710372,
        3.84724547972,
        3.8533000197200002,
        3.86736465872,
        3.85862935672
      ]
    }
  ]
}
