command,mean,stddev,median,user,system,min,max
pdu --min-ratio=0 tmp.sample,0.72497457175,0.020425646036725767,0.71930867445,0.635485995,0.21438772499999997,0.71318152895,0.7825540349500001
dutree tmp.sample,3.84739545805,0.019629159846721953,3.8529972689500003,1.4739497949999998,2.371773725,3.8098695139500003,3.87944286595
ncdu -o /dev/stdout -0 tmp.sample,0.2079531553785714,0.0012974599981571539,0.20841099995,0.07863382357142858,0.12896086785714286,0.20471417895,0.20925326595
du --apparent-size tmp.sample,0.20140067401666667,0.009490570317831964,0.19515859495,0.06451122833333332,0.13648985833333332,0.19392257195,0.22397894095
