{
  "results": [
    {
      "command": "pdu --quantity=blksize tmp.sample",
      "mean": 0.1305557058054546,
      "stddev": 0.003759791664248824,
      "median": 0.12994585776,
      "user": 0.09172960954545452,
      "system": 0.16240199909090908,
      "min": 0.12568047726,
      "max": 0.13805721126000003,
      "times": [
        0.13114208026000002,
        0.13680678726,
        0.13511645626000002,
        0.13805721126000003,
        0.13458184526000003,
        0.12568047726,
        0.12657689326000002,
        0.12886443626000002,
        0.12847042926000002,
        0.12644919126,
        0.13556346426000002,
        0.12986645626,
        0.13256610726,
        0.13305791726000002,
        0.13155588826000003,
        0.13002525926000003,
        0.12577707926,
        0.12725660726000002,
        0.12671909826000002,
        0.13164859126000003,
        0.12940834826000003,
        0.12703490326000003
      ]
    },
    {
      "command": "dust tmp.sample",
      "mean": 0.18297617238500002,
      "stddev": 0.0034414117994549034,
      "median": 0.18292436526000003,
      "user": 0.16319034250000006,
      "system": 0.1738480275,
      "min": 0.17808357326000002,
      "max": 0.19105331926000002,
      "times": [
        0.17892528926000004,
        0.18438169326000003,
        0.17976200426000002,
        0.18011391126000004,
        0.18496190426000003,
        0.18755765326,
        0.19105331926000002,
        0.18270966126000002,
        0.17967700326000002,
        0.17808357326000002,
        0.18096802826000002,
        0.18416488826000002,
        0.18608732526000002,
        0.18313906926000004,
        0.18352657726000002,
        0.18250685726000002
      ]
    },
    {
      "command": "dutree --usage tmp.sample",
      "mean": 3.8291516537599994,
      "stddev": 0.01573205795264968,
      "median": 3.82592952226,
      "user": 1.453877055,
      "system": 2.3747335899999995,
      "min": 3.81166339326,
      "max": 3.8593784102599997,
      "times": [
        3.83879040726,
        3.82862861526,
        3.81166339326,
        3.81654988626,
        3.84808579426,
        3.8593784102599997,
        3.81343614126,
        3.83273271026,
        3.82323042926,
        3.81902075026
      ]
    },
    {
      "command": "dua tmp.sample",
      "mean": 0.27588100266000004,
      "stddev": 0.0174715092687339,
      "median": 0.27597418426000003,
      "user": 0.323215755,
      "system": 0.22275198999999998,
      "min": 0.25100866026,
      "max": 0.30751003326000004,
      "times": [
        0.28456309726,
        0.28049932026,
        0.28172364426,
        0.27144904826000005,
        0.25627536026000003,
        0.30751003326000004,
        0.26117895326,
        0.27016002426,
        0.29444188526000004,
        0.25100866026
      ]
    },
    {
      "command": "ncdu -o /dev/stdout -0 tmp.sample",
      "mean": 0.21208843468857147,
      "stddev": 0.005383896703728022,
      "median": 0.20960297326000005,
      "user": 0.08168165499999999,
      "system": 0.12992644714285714,
      "min": 0.20899346126,
      "max": 0.22515446926000002,
      "times": [
        0.20899346126,
        0.20984267726000003,
        0.20963257426000004,
        0.20926826726000003,
        0.20904896226000003,
        0.22515446926000002,
        0.22116299326000002,
        0.21890805026000001,
        0.20968997426000002,
        0.20957337226000003,
        0.20920566626000003,
        0.20997098026000002,
        0.20936376826000003,
        0.20942286926000003
      ]
    },
    {
      "command": "gdu --non-interactive --no-progress tmp.sample",
      "mean": 0.29403078736000005,
      "stddev": 0.004192454550716698,
      "median": 0.29396277626,
      "user": 0.36107745499999994,
      "system": 0.19103769,
      "min": 0.28605832626000005,
      "max": 0.29974038526,
      "times": [
        0.29234504526000005,
        0.29837335926,
        0.29129422526000004,
        0.28605832626000005,
        0.29587171226000003,
        0.29558050726,
        0.29164943226,
        0.29974038526,
        0.29149652926,
        0.29789835126
      ]
    },
    {
      "command": "du tmp.sample",
      "mean": 0.19666966311714293,
      "stddev": 0.0027312353216349654,
      "median": 0.19563260776000002,
      "user": 0.06529222642857142,
      "system": 0.13007416142857145,
      "min": 0.19468508926000003,
      "max": 0.20459577726000003,
      "times": [
        0.20008109226000004,
        0.19565900826000002,
        0.19844136026000003,
        0.19556290626000003,
        0.19487739326000003,
        0.19487879426000002,
        0.19468508926000003,
        0.19620701926000003,
        0.19567300826000003,
        0.19674202926000003,
        0.19560620726000003,
        0.19512809826000002,
        0.19523750026000003,
        0.20459577726000003
      ]
    }
  ]
}
