command,mean,stddev,median,user,system,min,max
pdu --no-sort tmp.sample,0.1317812612786364,0.004123377952859566,0.13177612491500001,0.09852626954545453,0.15895348636363638,0.125200349915,0.14196396791500002
du --apparent-size tmp.sample,0.1943952257816667,0.0004975209160121343,0.19437215791500004,0.06035461499999999,0.13359005,0.19361954591500002,0.19511547491500003
dua --apparent-size tmp.sample,0.24986664391500002,0.007894684600457983,0.24944589891500005,0.2672110877272727,0.22631239545454546,0.23474542091500003,0.261922035915
ncdu -o /dev/stdout -0 tmp.sample,0.20844365184357147,0.00115206712397662,0.20889248241500002,0.07718560071428571,0.13084292142857143,0.20550176691500002,0.20954444491500002
gdu --show-apparent-size --non-interactive --no-progress tmp.sample,0.30441873811500003,0.015612709610223315,0.308889472915,0.371125115,0.19318035,0.282228818915,0.324120410915
