{
  "results": [
    {
      "command": "pdu --quantity=len tmp.sample",
      "mean": 0.12735727268318187,
      "stddev": 0.0036032800813534135,
      "median": 0.12707002036500004,
      "user": 0.0881594481818182,
      "system": 0.1594203763636363,
      "min": 0.12301289836500001,
      "max": 0.13725286936500003,
      "times": [
        0.13182606536500002,
        0.13253837936500001,
        0.13725286936500003,
        0.12749838336500002,
        0.12982162736500003,
        0.13174506436500003,
        0.127889091365,
        0.12454202736500002,
        0.12457682736500002,
        0.12301289836500001,
        0.128745407365,
        0.12520873936500002,
        0.12471493036500002,
        0.123099899365,
        0.12327880136500001,
        0.12785857936500003,
        0.127714976365,
        0.12409010736500001,
        0.12485942236500001,
        0.12656515536500001,
        0.12664165736500002,
        0.12837908936500003
      ]
    },
    {
      "command": "dust --apparent-size tmp.sample",
      "mean": 0.16547383397611112,
      "stddev": 0.008360637016323544,
      "median": 0.16260914036500002,
      "user": 0.14808274111111108,
      "system": 0.16433673999999998,
      "min": 0.15562850836500003,
      "max": 0.18701750536500003,
      "times": [
        0.160600602365,
        0.16598140536500003,
        0.17325324236500003,
        0.16123941436500003,
        0.15678052936500003,
        0.15936337936500003,
        0.16004709236500003,
        0.15794445136500002,
        0.15562850836500003,
        0.16140861736500003,
        0.16202692936500002,
        0.16319135136500001,
        0.16815194636500003,
        0.17154651036500002,
        0.18701750536500003,
        0.17101320036500003,
        0.16328055336500003,
        0.18005377236500003
      ]
    },
    {
      "command": "dutree tmp.sample",
      "mean": 3.859007088565,
      "stddev": 0.004635174786462591,
      "median": 3.860420021365,
      "user": 1.46564203,
      "system": 2.39195774,
      "min": 3.8519236513650004,
      "max": 3.863789294365,
      "times": [
        3.863774364365,
        3.861842327365,
        3.853018146365,
        3.8625191193650004,
        3.862713766365,
        3.863789294365,
        3.857527551365,
        3.8539649493650003,
        3.858997715365,
        3.8519236513650004
      ]
    },
    {
      "command": "dua --apparent-size tmp.sample",
      "mean": 0.2582392390922727,
      "stddev": 0.013787656461456965,
      "median": 0.25760263336500006,
      "user": 0.2821374027272727,
      "system": 0.22763428545454545,
      "min": 0.24314605936500003,
      "max": 0.28686190036500003,
      "times": [
        0.26552589536500004,
        0.28686190036500003,
        0.266095198365,
        0.24419567936500003,
        0.24419987936500004,
        0.24314605936500003,
        0.24926877536500003,
        0.25760263336500006,
        0.24917027436500003,
        0.270291774365,
        0.26427356036500005
      ]
    },
    {
      "command": "ncdu -o /dev/stdout -0 tmp.sample",
      "mean": 0.21007946786500004,
      "stddev": 0.002222016691249495,
      "median": 0.20951757136500004,
      "user": 0.08418012999999999,
      "system": 0.12541988285714284,
      "min": 0.20813629536500003,
      "max": 0.21526703036500003,
      "times": [
        0.20901851236500002,
        0.20984352836500003,
        0.20969042536500002,
        0.20989412836500002,
        0.20900401136500002,
        0.20956332236500003,
        0.21526703036500003,
        0.20845260136500002,
        0.20898631136500004,
        0.21507692636500003,
        0.20813629536500003,
        0.20983872736500003,
        0.20947182036500003,
        0.20886890936500002
      ]
    },
    {
      "command": "gdu --show-apparent-size --non-interactive --no-progress tmp.sample",
      "mean": 0.31056670166500006,
      "stddev": 0.012902315286436808,
      "median": 0.31127335436500003,
      "user": 0.37863783,
      "system": 0.19797584000000001,
      "min": 0.29138888036500005,
      "max": 0.329662307365,
      "times": [
        0.29690427836500005,
        0.314488012365,
        0.32431409936500005,
        0.32254426436500006,
        0.315125430365,
        0.329662307365,
        0.30805869636500005,
        0.29694888636500005,
        0.29138888036500005,
        0.30623216136500003
      ]
    },
    {
      "command": "du --apparent-size tmp.sample",
      "mean": 0.1944389064316667,
      "stddev": 0.0005234530159907193,
      "median": 0.19427313736500001,
      "user": 0.06206826333333333,
      "system": 0.13191113999999998,
      "min": 0.19361232436500003,
      "max": 0.195322556365,
      "times": [
        0.19503735036500003,
        0.19403583136500002,
        0.195322556365,
        0.19503725136500003,
        0.19427483636500004,
        0.19407733336500002,
        0.19361232436500003,
        0.19530005636500003,
        0.194094433365,
        0.19427313736500001,
        0.19422033536500002,
        0.19439033936500003,
        0.19393843036500003,
        0.19475224536500002,
        0.19421713536500002
      ]
    }
  ]
}
